# 의존성이 있는 질의어는 트랜잭션 단위로 묶어서 COMMIT
# 예시 : INSERT B가 INSERT A에 의존하는(후행하는) 경우 {START TRANSACTION, INSERT A, INSERT B, COMMIT}

START TRANSACTION;

# 외래키 제약조건으로 인해 region 테이블을 먼저 생성해야 한다.
# 지역 테이블
INSERT INTO region (zcode, region_name)
VALUES
    ('11', '서울특별시'),
    ('26', '부산광역시'),
    ('27', '대구광역시'),
    ('28', '인천광역시'),
    ('29', '광주광역시'),
    ('30', '대전광역시'),
    ('31', '울산광역시'),
    ('36', '세종특별자치시'),
    ('41', '경기도'),
    ('42', '강원도'),
    ('43', '충청북도'),
    ('44', '충청남도'),
    ('45', '전라북도'),
    ('46', '전라남도'),
    ('47', '경상북도'),
    ('48', '경상남도'),
    ('50', '제주특별자치도'),
    ('51', '강원특별자치도');


# 세부지역 테이블
INSERT INTO region_detail (zcode, zscode, region_detail_name)
VALUES ('11', '11110', '종로구'),
       ('11', '11140', '중구'),
       ('11', '11170', '용산구'),
       ('11', '11200', '성동구'),
       ('11', '11215', '광진구'),
       ('11', '11230', '동대문구'),
       ('11', '11260', '중랑구'),
       ('11', '11290', '성북구'),
       ('11', '11305', '강북구'),
       ('11', '11320', '도봉구'),
       ('11', '11350', '노원구'),
       ('11', '11380', '은평구'),
       ('11', '11410', '서대문구'),
       ('11', '11440', '마포구'),
       ('11', '11470', '양천구'),
       ('11', '11500', '강서구'),
       ('11', '11530', '구로구'),
       ('11', '11545', '금천구'),
       ('11', '11560', '영등포구'),
       ('11', '11590', '동작구'),
       ('11', '11620', '관악구'),
       ('11', '11650', '서초구'),
       ('11', '11680', '강남구'),
       ('11', '11710', '송파구'),
       ('11', '11740', '강동구'),
       ('26', '26110', '중구'),
       ('26', '26140', '서구'),
       ('26', '26170', '동구'),
       ('26', '26200', '영도구'),
       ('26', '26230', '부산진구'),
       ('26', '26260', '동래구'),
       ('26', '26290', '남구'),
       ('26', '26320', '북구'),
       ('26', '26350', '해운대구'),
       ('26', '26380', '사하구'),
       ('26', '26410', '금정구'),
       ('26', '26440', '강서구'),
       ('26', '26470', '연제구'),
       ('26', '26500', '수영구'),
       ('26', '26530', '사상구'),
       ('26', '26710', '기장군'),
       ('27', '27110', '중구'),
       ('27', '27140', '동구'),
       ('27', '27170', '서구'),
       ('27', '27200', '남구'),
       ('27', '27230', '북구'),
       ('27', '27260', '수성구'),
       ('27', '27290', '달서구'),
       ('27', '27710', '달성군'),
       ('28', '28110', '중구'),
       ('28', '28140', '동구'),
       ('28', '28177', '미추홀구'),
       ('28', '28185', '연수구'),
       ('28', '28200', '남동구'),
       ('28', '28237', '부평구'),
       ('28', '28245', '계양구'),
       ('28', '28260', '서구'),
       ('28', '28710', '강화군'),
       ('28', '28720', '옹진군'),
       ('29', '29110', '동구'),
       ('29', '29140', '서구'),
       ('29', '29155', '남구'),
       ('29', '29170', '북구'),
       ('29', '29200', '광산구'),
       ('30', '30110', '동구'),
       ('30', '30140', '중구'),
       ('30', '30170', '서구'),
       ('30', '30200', '유성구'),
       ('30', '30230', '대덕구'),
       ('31', '31110', '중구'),
       ('31', '31140', '남구'),
       ('31', '31170', '동구'),
       ('31', '31200', '북구'),
       ('31', '31710', '울주군'),
       ('36', '36110', '세종시'),
       ('41', '41110', '수원시'),
       ('41', '41130', '성남시'),
       ('41', '41150', '의정부시'),
       ('41', '41170', '안양시'),
       ('41', '41190', '부천시'),
       ('41', '41210', '광명시'),
       ('41', '41220', '평택시'),
       ('41', '41250', '동두천시'),
       ('41', '41270', '안산시'),
       ('41', '41280', '고양시'),
       ('41', '41290', '과천시'),
       ('41', '41310', '구리시'),
       ('41', '41360', '남양주시'),
       ('41', '41370', '오산시'),
       ('41', '41390', '시흥시'),
       ('41', '41410', '군포시'),
       ('41', '41430', '의왕시'),
       ('41', '41450', '하남시'),
       ('41', '41460', '용인시'),
       ('41', '41480', '파주시'),
       ('41', '41500', '이천시'),
       ('41', '41550', '안성시'),
       ('41', '41570', '김포시'),
       ('41', '41590', '화성시'),
       ('41', '41610', '광주시'),
       ('41', '41630', '양주시'),
       ('41', '41650', '포천시'),
       ('41', '41670', '여주시'),
       ('41', '41800', '연천군'),
       ('41', '41820', '가평군'),
       ('41', '41830', '양평군'),
       ('42', '42110', '춘천시'),
       ('42', '42130', '원주시'),
       ('42', '42150', '강릉시'),
       ('42', '42170', '동해시'),
       ('42', '42190', '태백시'),
       ('42', '42210', '속초시'),
       ('42', '42230', '삼척시'),
       ('42', '42720', '홍천군'),
       ('42', '42730', '횡성군'),
       ('42', '42750', '영월군'),
       ('42', '42760', '평창군'),
       ('42', '42770', '정선군'),
       ('42', '42780', '철원군'),
       ('42', '42790', '화천군'),
       ('42', '42800', '양구군'),
       ('42', '42810', '인제군'),
       ('42', '42820', '고성군'),
       ('42', '42830', '양양군'),
       ('43', '43110', '청주시'),
       ('43', '43130', '충주시'),
       ('43', '43150', '제천시'),
       ('43', '43720', '보은군'),
       ('43', '43730', '옥천군'),
       ('43', '43740', '영동군'),
       ('43', '43745', '증평군'),
       ('43', '43750', '진천군'),
       ('43', '43760', '괴산군'),
       ('43', '43770', '음성군'),
       ('43', '43800', '단양군'),
       ('44', '44130', '천안시'),
       ('44', '44150', '공주시'),
       ('44', '44180', '보령시'),
       ('44', '44200', '아산시'),
       ('44', '44210', '서산시'),
       ('44', '44230', '논산시'),
       ('44', '44250', '계룡시'),
       ('44', '44270', '당진시'),
       ('44', '44710', '금산군'),
       ('44', '44760', '부여군'),
       ('44', '44770', '서천군'),
       ('44', '44790', '청양군'),
       ('44', '44800', '홍성군'),
       ('44', '44810', '예산군'),
       ('44', '44825', '태안군'),
       ('45', '45110', '전주시'),
       ('45', '45130', '군산시'),
       ('45', '45140', '익산시'),
       ('45', '45180', '정읍시'),
       ('45', '45190', '남원시'),
       ('45', '45210', '김제시'),
       ('45', '45710', '완주군'),
       ('45', '45720', '진안군'),
       ('45', '45730', '무주군'),
       ('45', '45740', '장수군'),
       ('45', '45750', '임실군'),
       ('45', '45770', '순창군'),
       ('45', '45790', '고창군'),
       ('45', '45800', '부안군'),
       ('46', '46110', '목포시'),
       ('46', '46130', '여수시'),
       ('46', '46150', '순천시'),
       ('46', '46170', '나주시'),
       ('46', '46230', '광양시'),
       ('46', '46710', '담양군'),
       ('46', '46720', '곡성군'),
       ('46', '46730', '구례군'),
       ('46', '46770', '고흥군'),
       ('46', '46780', '보성군'),
       ('46', '46790', '화순군'),
       ('46', '46800', '장흥군'),
       ('46', '46810', '강진군'),
       ('46', '46820', '해남군'),
       ('46', '46830', '영암군'),
       ('46', '46840', '무안군'),
       ('46', '46860', '함평군'),
       ('46', '46870', '영광군'),
       ('46', '46880', '장성군'),
       ('46', '46890', '완도군'),
       ('46', '46900', '진도군'),
       ('46', '46910', '신안군'),
       ('47', '47110', '포항시'),
       ('47', '47130', '경주시'),
       ('47', '47150', '김천시'),
       ('47', '47170', '안동시'),
       ('47', '47190', '구미시'),
       ('47', '47210', '영주시'),
       ('47', '47230', '영천시'),
       ('47', '47250', '상주시'),
       ('47', '47280', '문경시'),
       ('47', '47290', '경산시'),
       ('47', '47720', '군위군'),
       ('47', '47730', '의성군'),
       ('47', '47750', '청송군'),
       ('47', '47760', '영양군'),
       ('47', '47770', '영덕군'),
       ('47', '47820', '청도군'),
       ('47', '47830', '고령군'),
       ('47', '47840', '성주군'),
       ('47', '47850', '칠곡군'),
       ('47', '47900', '예천군'),
       ('47', '47920', '봉화군'),
       ('47', '47930', '울진군'),
       ('47', '47940', '울릉군'),
       ('48', '48120', '창원시'),
       ('48', '48170', '진주시'),
       ('48', '48220', '통영시'),
       ('48', '48240', '사천시'),
       ('48', '48250', '김해시'),
       ('48', '48270', '밀양시'),
       ('48', '48310', '거제시'),
       ('48', '48330', '양산시'),
       ('48', '48720', '의령군'),
       ('48', '48730', '함안군'),
       ('48', '48740', '창녕군'),
       ('48', '48820', '고성군'),
       ('48', '48840', '남해군'),
       ('48', '48850', '하동군'),
       ('48', '48860', '산청군'),
       ('48', '48870', '함양군'),
       ('48', '48880', '거창군'),
       ('48', '48890', '합천군'),
       ('50', '50110', '제주시'),
       ('50', '50130', '서귀포시'),
       ('51', '51110', '춘천시'),
       ('51', '51130', '원주시'),
       ('51', '51150', '강릉시'),
       ('51', '51170', '동해시'),
       ('51', '51190', '태백시'),
       ('51', '51210', '속초시'),
       ('51', '51230', '삼척시'),
       ('51', '51720', '홍천군'),
       ('51', '51730', '횡성군'),
       ('51', '51750', '영월군'),
       ('51', '51760', '평창군'),
       ('51', '51770', '정선군'),
       ('51', '51780', '철원군'),
       ('51', '51790', '화천군'),
       ('51', '51800', '양구군'),
       ('51', '51810', '인제군'),
       ('51', '51820', '고성군'),
       ('51', '51830', '양양군');

COMMIT;

# 운영기관 테이블
START TRANSACTION;

INSERT INTO operating_company (busi_id, bnm, is_primary)
VALUES
    ("PI", "차지비", "Y"),
    ("PW", "파워큐브", "Y"),
    ("EV", "에버온", "Y"),
    ("SF", "스타코프", "Y"),
    ("HM", "휴맥스이브이", "Y"),
    ("HS", "홈앤서비스", "Y"),
    ("PL", "플러그링크", "Y"),
    ("KP", "한국전력", "Y"),
    ("EC", "이지차저", "Y"),
    ("CV", "대영채비", "Y"),
    ("ME", "환경부", "Y"),
    ("ST", "에스트래픽", "Y"),
    ("NT", "한국전자금융", "Y"),
    ("HW", "한화솔루션", "Y"),
    ("EP", "이카플러그", "Y"),
    ("LU", "LG유플러스", "N"),
    ("KL", "클린일렉스", "N"),
    ("IN", "신세계아이앤씨", "N"),
    ("HE", "한국전기차충전서비스", "N"),
    ("HY", "현대엔지니어링", "N"),
    ("JA", "중앙제어", "N"),
    ("RE", "레드이엔지", "N"),
    ("KE", "한국전기차인프라기술", "N"),
    ("EZ", "차지인", "N"),
    ("JE", "제주전기자동차서비스", "N"),
    ("PC", "파킹클라우드", "N"),
    ("EH", "이앤에이치에너지", "N"),
    ("LH", "LG헬로비전", "N"),
    ("CU", "씨어스", "N"),
    ("TD", "타디스테크놀로지", "N"),
    ("UN", "유니이브이", "N"),
    ("BN", "블루네트웍스", "N"),
    ("PK", "펌프킨", "N"),
    ("SS", "삼성EVC", "N"),
    ("MO", "매니지온", "N"),
    ("JD", "제주도청", "N"),
    ("SZ", "SG생활안전", "N"),
    ("PS", "이브이파킹서비스", "N"),
    ("IM", "아이마켓코리아", "N"),
    ("SN", "서울에너지공사", "N"),
    ("SK", "SK에너지", "N"),
    ("CG", "서울씨엔지", "N"),
    ("LI", "엘에스이링크", "N"),
    ("GS", "GS칼텍스", "N"),
    ("SO", "선광시스템", "N"),
    ("CS", "한국EV충전서비스센터", "N"),
    ("HD", "현대자동차", "N"),
    ("NE", "에너넷", "N"),
    ("EN", "이엔", "N"),
    ("BT", "보타리에너지", "N"),
    ("DE", "대구환경공단", "N"),
    ("AM", "아마노코리아", "N"),
    ("MT", "모던텍", "N"),
    ("SE", "서울시", "N"),
    ("DL", "딜라이브", "N"),
    ("EE", "이마트", "N"),
    ("CC", "코콤", "N"),
    ("TS", "태성콘텍", "N"),
    ("HR", "한국홈충전기렌탈", "N"),
    ("SG", "SK시그넷", "N"),
    ("CI", "쿨사인", "N"),
    ("GR", "그리드위즈", "N"),
    ("ERROR", "확인불가", "N"),
    ("VT", "볼타", "N"),
    ("CP", "캐스트프로", "N"),
    ("CR", "크로커스", "N"),
    ("ER", "이엘일렉트릭", "N"),
    ("LD", "롯데정보통신", "N"),
    ("TR", "한마음장애인복지회", "N"),
    ("EK", "이노케이텍", "N"),
    ("SM", "성민기업", "N"),
    ("KR", "이브이씨코리아", "N"),
    ("BE", "브라이트에너지파트너스", "N"),
    ("S1", "에스이피", "N"),
    ("EO", "E1", "N"),
    ("BP", "차밥스", "N"),
    ("GN", "지커넥트", "N"),
    ("NN", "이브이네스트", "N"),
    ("SB", "소프트베리", "N"),
    ("IO", "아이온커뮤니케이션즈", "N"),
    ("EA", "에바", "N"),
    ("AC", "아우토크립트", "N"),
    ("WB", "웰바이오텍EVC", "N"),
    ("US", "울산시", "N"),
    ("LC", "롯데건설", "N"),
    ("PM", "피라인모터스", "N"),
    ("KS", "한국전기차솔루션", "N"),
    ("KM", "카카오모빌리티", "N"),
    ("EM", "evmost", "N"),
    ("SD", "스칼라데이터", "N"),
    ("TU", "티비유", "N"),
    ("SH", "에스에이치에너지", "N"),
    ("OB", "현대오일뱅크", "N"),
    ("GP", "군포시", "N"),
    ("NJ", "나주시", "N"),
    ("NB", "남부솔루션", "N"),
    ("KC", "한국컴퓨터", "N"),
    ("NX", "넥씽", "N"),
    ("AH", "아하", "N"),
    ("EL", "엔라이튼", "N"),
    ("DS", "대선", "N"),
    ("JC", "제주에너지공사", "N"),
    ("JT", "제주테크노파크", "N"),
    ("BK", "비케이에너지", "N"),
    ("HP", "해피차지", "N"),
    ("KO", "이브이파트너스", "N"),
    ("DP", "대유플러스", "N"),
    ("SC", "삼척시", "N"),
    ("IC", "인천국제공항", "N"),
    ("CA", "씨에스테크놀로지", "N"),
    ("KH", "김해시", "N"),
    ("KN", "한국환경공단", "N"),
    ("BS", "보스시큐리티", "N"),
    ("SU", "순천시 체육시설관리소", "N"),
    ("DG", "대구시", "N"),
    ("TB", "태백시", "N"),
    ("YY", "양양군", "N"),
    ("DY", "동양이엔피", "N"),
    ("ET", "이씨티", "N"),
    ("KJ", "순천시", "N"),
    ("BA", "부안군", "N"),
    ("BG", "비긴스", "N"),
    ("CB", "참빛이브이씨", "N"),
    ("CT", "씨티카", "N"),
    ("E0", "에너지플러스", "N"),
    ("EG", "에너지파트너즈", "N"),
    ("G1", "광주시", "N"),
    ("G2", "광주시", "N"),
    ("HB", "에이치엘비생명과학", "N"),
    ("HL", "에이치엘비일렉", "N"),
    ("IK", "익산시", "N"),
    ("JH", "종하아이앤씨", "N"),
    ("JJ", "전주시", "N"),
    ("JN", "제이앤씨플랜", "N"),
    ("JU", "정읍시", "N"),
    ("KA", "기아자동차", "N"),
    ("KI", "기아자동차", "N"),
    ("KT", "케이티", "N"),
    ("KU", "한국충전연합", "N"),
    ("MA", "맥플러스", "N"),
    ("SA", "설악에너텍", "N"),
    ("SJ", "세종시", "N"),
    ("SP", "스마트포트테크놀로지", "N"),
    ("SR", "SK렌터카", "N"),
    ("TL", "티엘컴퍼니", "N"),
    ("TM", "티맵", "N");

COMMIT;


